"First Name","Last Name","Gender","Birthdate","Age","Email","Phone","City","State","Country","Bib Number"
"Darcie","Tailby","F","","85","","8013799459","Ogden","UT","","1"
"Burgess","Whithorn","M","","44","","3031958235","Aurora","CO","","2"
"Aharon","Morten","M","","70","","6024438385","Phoenix","AZ","","3"
"Bobbye","Iceton","F","","77","","7195178176","Colorado Springs","CO","","4"
"Silvan","Pavlishchev","M","","18","","2029405607","Washington","DC","","5"
"Barbaraanne","Gawthrop","F","","32","","3615728874","Corpus Christi","TX","","6"
"Ashla","Pote","F","","80","","3135329675","Detroit","MI","","7"
"Mareah","Bonny","F","","54","","8166795124","Kansas City","MO","","8"
"Sam","Corris","F","","23","","2673134420","Philadelphia","PA","","9"
"Skipton","Rubinshtein","F","","87","","5624447679","Los Angeles","CA","","10"
"Sidoney","Stapels","F","","42","","8141625265","Erie","PA","","11"
"Tadd","Darnell","F","","19","","8014174020","Salt Lake City","UT","","12"
"Aldous","Brideau","M","","51","","5598113008","Fresno","CA","","13"
"Enoch","Verick","M","","77","","3608327728","Vancouver","WA","","14"
"Lynnett","Awmack","M","","24","","9736706129","Paterson","NJ","","15"
"Gery","Shrimpling","M","","74","","8648228239","Spartanburg","SC","","16"
"Frannie","Lezemere","F","","62","","2813895576","Houston","TX","","17"
"Pearce","Osgar","M","","89","","2052427759","Birmingham","AL","","18"
"Piotr","Faux","F","","76","","2028610359","Washington","DC","","19"
"Mamie","Pancost","F","","37","","4048510908","Atlanta","GA","","20"
"Kev","McKniely","M","","84","","8186629792","Los Angeles","CA","","21"
"Dani","Dunaway","M","","30","","9121496825","Savannah","GA","","22"
"Cully","Juggings","F","","53","","3091315457","Peoria","IL","","23"
"Lucian","Vant","M","","52","","8145630518","Erie","PA","","24"
"Raffarty","Arundale","F","","83","","5081761820","Newton","MA","","25"
"Corbie","Biles","M","","42","","9201652508","Green Bay","WI","","26"
"Dennis","Ellerton","F","","60","","7178392580","Harrisburg","PA","","27"
"Kerstin","Chape","M","","64","","8508289139","Tallahassee","FL","","28"
"Mark","Gutcher","F","","24","","7751614096","Reno","NV","","29"
"Camille","Feakins","M","","37","","8171552523","Irving","TX","","30"
"Kippy","Meconi","M","","63","","5034606884","Portland","OR","","31"
"Thorpe","Swayne","M","","46","","7029977853","North Las Vegas","NV","","32"
"Pattin","Boakes","M","","33","","3039437596","Denver","CO","","33"
"Corine","Tink","F","","63","","8608958854","Hartford","CT","","34"
"Winonah","Gimber","F","","35","","8174529382","Fort Worth","TX","","35"
"Roderic","Roydon","M","","60","","2127581349","Jamaica","NY","","36"
"Valera","Coddrington","M","","88","","6024476358","Phoenix","AZ","","37"
"Cecilia","Schoales","M","","49","","6155462969","Nashville","TN","","38"
"Jerri","Malecky","F","","84","","4021492451","Lincoln","NE","","39"
"Thom","Ibanez","M","","18","","3091080301","Peoria","IL","","40"
"Cosetta","Presidey","M","","19","","3039716984","Denver","CO","","41"
"Kimbra","Berfoot","M","","39","","2122942129","Jamaica","NY","","42"
"Geoffry","Kesteven","M","","70","","9497900618","Santa Clara","CA","","43"
"Nerita","Ainger","F","","25","","3343544771","Montgomery","AL","","44"
"Egor","Deyenhardt","M","","21","","2036924971","Bridgeport","CT","","45"
"Willard","Eakin","M","","76","","2028358949","Alexandria","VA","","46"
"Gregorius","Thewles","F","","40","","2036570771","Stamford","CT","","47"
"Cariotta","Anstey","F","","64","","9078183579","Anchorage","AK","","48"
"Pippo","Cumine","F","","47","","5714264447","Fairfax","VA","","49"
"Viviana","Fullwood","M","","41","","2155828422","Philadelphia","PA","","50"
"Silvio","Hughson","F","","71","","7134936986","Houston","TX","","51"
"Roman","Troillet","M","","81","","5105529446","Oakland","CA","","52"
"Trenna","Brandom","F","","70","","4178166857","Springfield","MO","","53"
"Kat","Cathrae","F","","39","","5166306652","Hicksville","NY","","54"
"Leicester","Bernt","M","","86","","6025882095","Glendale","AZ","","55"
"Arlan","Licari","M","","55","","5304410306","South Lake Tahoe","CA","","56"
"Booth","Durie","M","","67","","7605814720","Oceanside","CA","","57"
"Tabor","Sturney","F","","56","","2059525152","Birmingham","AL","","58"
"Anders","Ledgley","F","","55","","3863225241","Daytona Beach","FL","","59"
"Jannel","Moultrie","M","","42","","3038170518","Englewood","CO","","60"
"Vilma","Coldham","M","","75","","6092040291","Trenton","NJ","","61"
"Anthiathia","Lawday","F","","26","","9367643942","Huntsville","TX","","62"
"Grantham","Di Dello","M","","24","","2153212265","Philadelphia","PA","","63"
"Selby","Oliva","F","","78","","8089713961","Honolulu","HI","","64"
"Hobard","Lockey","F","","50","","9124572533","Savannah","GA","","65"
"Johanna","Patriche","M","","44","","6198440082","San Diego","CA","","66"
"Floyd","Wilds","M","","62","","2063107292","Seattle","WA","","67"
"Roderick","Kenington","M","","72","","5617007216","West Palm Beach","FL","","68"
"Aluino","Jenoure","M","","35","","9013873049","Memphis","TN","","69"
"Charo","O'Brallaghan","M","","39","","8131334503","Tampa","FL","","70"
"Cris","Joris","F","","85","","4071234098","Orlando","FL","","71"
"Vic","Unthank","F","","18","","5012699371","Little Rock","AR","","72"
"Axe","Kenion","M","","83","","9095315415","Riverside","CA","","73"
"Yuma","Froude","M","","54","","9733808900","Newark","NJ","","74"
"Oswell","Swallwell","F","","34","","6152659687","Nashville","TN","","75"
"Rodi","Ramsby","M","","86","","5858982089","Rochester","NY","","76"
"Marion","Elfitt","F","","38","","6099923990","Trenton","NJ","","77"
"Bernadina","Romaines","M","","43","","5626589494","San Francisco","CA","","78"
"Antoinette","Tattersall","M","","86","","9725739254","Garland","TX","","79"
"Carce","Kidd","F","","44","","2027037213","Washington","DC","","80"
"Bronson","Glede","M","","58","","4076599161","Orlando","FL","","81"
"Una","Syson","M","","35","","2107224341","San Antonio","TX","","82"
"Ezra","Hayter","M","","89","","5029371756","Louisville","KY","","83"
"Rriocard","Downing","M","","61","","5027883748","Louisville","KY","","84"
"Niven","Lorkin","F","","87","","2601824472","Fort Wayne","IN","","85"
"Lynnette","MacGarvey","M","","83","","5153276863","Des Moines","IA","","86"
"Irvin","Gotmann","M","","21","","6269505025","Pasadena","CA","","87"
"Fonsie","Castellanos","F","","34","","7046530290","Charlotte","NC","","88"
"Dennie","Overington","M","","52","","7863646168","Miami","FL","","89"
"Elysha","Flintiff","F","","89","","6019551676","Jackson","MS","","90"
"Bradley","Thrustle","M","","74","","4344391577","Durham","NC","","91"
"Shawn","Brisco","F","","43","","3048639062","Charleston","WV","","92"
"Edvard","Phizackerly","M","","66","","3031384733","Denver","CO","","93"
"Lenette","Sinyard","M","","88","","4072022632","Daytona Beach","FL","","94"
"Annadiana","Pikhno","M","","49","","7068574981","Columbus","GA","","95"
"Sarine","Lorait","M","","39","","7021308334","Henderson","NV","","96"
"Holt","Skirlin","M","","70","","8592393726","Lexington","KY","","97"
"Gavra","Tivolier","F","","18","","3309969659","Akron","OH","","98"
"Magdaia","Whitwell","M","","58","","2603725354","Fort Wayne","IN","","99"
"Aila","Smardon","F","","40","","5103712676","Berkeley","CA","","100"
"Raine","Jakubowicz","F","","85","","8033418041","Columbia","SC","","101"
"Hamnet","Caldow","M","","19","","8064697078","Amarillo","TX","","102"
"Inglis","Comusso","M","","63","","5049913063","New Orleans","LA","","103"
"Dawna","Baal","F","","29","","2037953509","Stamford","CT","","104"
"Lisle","Shitliffe","M","","27","","3041385344","Huntington","WV","","105"
"Cele","Eburah","F","","69","","3308727598","Akron","OH","","106"
"Adiana","Dibble","M","","36","","8601157974","Hartford","CT","","107"
"Clarine","Bende","F","","25","","9366961403","Huntsville","TX","","108"
"Kara-lynn","Ocklin","F","","32","","3863486478","Daytona Beach","FL","","109"
"Lianne","Dorwood","F","","18","","3018080137","Bethesda","MD","","110"
"Mannie","Breffitt","M","","60","","7573073474","Virginia Beach","VA","","111"
"Ozzy","Pauley","F","","22","","3187521758","Monroe","LA","","112"
"Gunar","Scowcraft","F","","22","","6142884291","Columbus","OH","","113"
"Kathrine","Jendrich","M","","59","","9379559642","Dayton","OH","","114"
"Jon","Hannah","F","","49","","7731646454","Chicago","IL","","115"
"Phoebe","Hayes","F","","57","","7653074084","Crawfordsville","IN","","116"
"Madelon","Gannan","F","","60","","4025879176","Lincoln","NE","","117"
"Louie","Kacheller","M","","83","","5406279759","Roanoke","VA","","118"
"Vasily","Solomon","M","","50","","6159762823","Nashville","TN","","119"
"Cammie","Buffham","M","","27","","9374405899","Dayton","OH","","120"
"Angil","Caldeyroux","M","","88","","8594562316","Lexington","KY","","121"
"Bearnard","Sonner","F","","74","","6199630796","San Diego","CA","","122"
"Irving","Martina","F","","61","","7657612295","Muncie","IN","","123"
"Anette","Copello","F","","33","","6029060142","Scottsdale","AZ","","124"
"Joline","Schutt","F","","50","","2101677988","San Antonio","TX","","125"
"Raoul","Ibberson","F","","58","","4073180069","Orlando","FL","","126"
"Adelaide","Bremen","F","","70","","5637076514","Davenport","IA","","127"
"Micheal","Roy","F","","72","","2409926811","Bethesda","MD","","128"
"Hedvig","Norsister","F","","36","","2036671467","Bridgeport","CT","","129"
"Gib","Twort","F","","40","","5718719219","Reston","VA","","130"
"Wald","Leppingwell","M","","58","","9496725110","San Diego","CA","","131"
"Corina","Shearmur","M","","89","","2024868486","Washington","DC","","132"
"Danyette","Antczak","M","","52","","2288405602","Gulfport","MS","","133"
"Kit","Kleinert","F","","28","","3133308456","Dearborn","MI","","134"
"Welsh","Bazylets","F","","28","","7138286698","Houston","TX","","135"
"Emlynne","Goggins","M","","87","","4052724813","Oklahoma City","OK","","136"
"Aleta","Gallard","F","","36","","8176200280","Fort Worth","TX","","137"
"Sheffy","Boanas","M","","32","","4056911231","Oklahoma City","OK","","138"
"Court","Crose","M","","90","","2023885236","Washington","DC","","139"
"Ernesto","Ditzel","F","","86","","3172331401","Indianapolis","IN","","140"
"Levi","Sirkett","M","","58","","5615305760","West Palm Beach","FL","","141"
"Shelby","Stonman","M","","26","","9176326374","Bronx","NY","","142"
"Halley","Caswill","F","","57","","2122187445","Brooklyn","NY","","143"
"Milicent","MacArte","M","","42","","7706810199","Atlanta","GA","","144"
"Crichton","Lune","F","","37","","7136797085","Houston","TX","","145"
"Garv","Itskovitz","F","","55","","4193612889","Toledo","OH","","146"
"Bren","Takis","M","","24","","3013360990","Laurel","MD","","147"
"Ward","Hatherley","F","","52","","3303073419","Akron","OH","","148"
"Galven","Lohan","M","","38","","5733997477","Jefferson City","MO","","149"
"Katuscha","Phinn","F","","51","","8438472762","Charleston","SC","","150"
"Maurita","Fullegar","M","","47","","4043262887","Atlanta","GA","","151"
"Susanetta","Alder","F","","21","","3522244458","Gainesville","FL","","152"
"Kevon","Offener","M","","30","","6027377115","Mesa","AZ","","153"
"Zackariah","Arbuckel","M","","64","","8069077546","Amarillo","TX","","154"
"Gery","Heaysman","M","","34","","6028954230","Phoenix","AZ","","155"
"Rosco","Clink","M","","83","","9191453460","Raleigh","NC","","156"
"Rasla","Calbreath","M","","70","","6264663050","Pasadena","CA","","157"
"Isaak","Delgaty","F","","31","","5093463285","Spokane","WA","","158"
"Anthiathia","Boow","F","","33","","2063550064","Seattle","WA","","159"
"Che","Denial","M","","82","","2128471356","New York City","NY","","160"
"Westley","Charlwood","M","","41","","6519124919","Saint Paul","MN","","161"
"Frederick","Tuffey","F","","71","","9072463357","Anchorage","AK","","162"
"Jan","Lineham","M","","23","","9082606691","Elizabeth","NJ","","163"
"Amberly","Younie","M","","35","","5405459424","Charlottesville","VA","","164"
"Brandise","Wadge","M","","25","","3366764532","Winston Salem","NC","","165"
"Carlene","Bairnsfather","F","","90","","5701888613","Wilkes Barre","PA","","166"
"Baxy","Duerden","M","","31","","4051398734","Oklahoma City","OK","","167"
"Dugald","Farrier","M","","32","","5408920125","Roanoke","VA","","168"
"Natalee","Ahrens","F","","56","","4145694731","Milwaukee","WI","","169"
"Dieter","Macieja","M","","72","","9204237210","Appleton","WI","","170"
"Mandie","Gemson","F","","85","","9044651640","Jacksonville","FL","","171"
"Evita","Aldus","M","","69","","9143343037","Yonkers","NY","","172"
"Raychel","Chilton","M","","28","","2063450911","Seattle","WA","","173"
"Constantina","Swindell","F","","53","","9161243092","Sacramento","CA","","174"
"Ethelbert","Main","M","","82","","9042255844","Jacksonville","FL","","175"
"Fanni","Llewellyn","M","","54","","8601559210","Hartford","CT","","176"
"Jeralee","Ubsdell","M","","84","","3235022010","North Hollywood","CA","","177"
"Inness","Oates","M","","69","","5101222742","Oakland","CA","","178"
"Joshuah","Rene","F","","86","","5042099734","New Orleans","LA","","179"
"Berry","Iggulden","F","","25","","3035151993","Boulder","CO","","180"
"Chrisse","Bassett","F","","86","","3041523933","Huntington","WV","","181"
"Sharity","Sainsberry","F","","66","","5203995821","Tucson","AZ","","182"
"Brad","Margach","F","","31","","5707293842","Wilkes Barre","PA","","183"
"Cordi","Peachey","M","","21","","9411230788","Sarasota","FL","","184"
"Gale","MacGahey","F","","29","","2199056458","Gary","IN","","185"
"Broderic","Breawood","M","","57","","3365412055","Winston Salem","NC","","186"
"Hillie","Harms","M","","26","","8122915992","Evansville","IN","","187"
"Henri","Hennington","F","","29","","8161219933","Kansas City","MO","","188"
"Gerry","Kermode","M","","74","","7277035269","Largo","FL","","189"
"Gabe","Vayro","F","","81","","3302803302","Youngstown","OH","","190"
"Edy","Jewitt","M","","85","","9898210185","Saginaw","MI","","191"
"Thom","Glendza","M","","35","","6171554264","Boston","MA","","192"
"Carmelle","Oldaker","M","","56","","5017820942","Hot Springs National Park","AR","","193"
"Marylynne","Darrigone","F","","36","","7031864350","Reston","VA","","194"
"Zared","Praundlin","F","","66","","5711994090","Ashburn","VA","","195"
"Tedmund","Woollacott","M","","37","","3254501973","San Angelo","TX","","196"
"Dedie","Yitzhakov","F","","82","","8107143196","Flint","MI","","197"
"Dalenna","Huxham","F","","33","","7131098450","Houston","TX","","198"
"Alis","Pettigrew","M","","47","","4155053753","San Francisco","CA","","199"
"Gaston","Davenhill","F","","49","","2012545722","Jersey City","NJ","","200"
"Connie","Kaesmans","M","","59","","7188366470","Brooklyn","NY","","201"
"Feliks","Skingle","M","","24","","4048044399","Atlanta","GA","","202"
"Cross","Mussilli","M","","54","","8046538151","Richmond","VA","","203"
"Shem","Le Barr","M","","35","","3046995563","Huntington","WV","","204"
"Merwyn","Salter","F","","61","","5701754013","Scranton","PA","","205"
"Coral","Grzeszczak","M","","29","","9412490940","North Port","FL","","206"
"Woodman","Baile","F","","30","","3183704772","Shreveport","LA","","207"
"Kellby","Winspurr","M","","55","","7068936283","Cumming","GA","","208"
"Carine","Zuan","F","","57","","4806983483","Mesa","AZ","","209"
"Leland","Lukas","F","","67","","2022299159","Washington","DC","","210"
"Bank","Farrier","F","","58","","2029547887","Washington","DC","","211"
"Vanny","Dollin","F","","36","","2022104226","Washington","DC","","212"
"Zane","Skelhorne","F","","44","","7166128501","Buffalo","NY","","213"
"Steven","Jakubowsky","M","","46","","2166622635","Cleveland","OH","","214"
"Ferdinande","Soldi","F","","28","","4139277879","Springfield","MA","","215"
"Swen","Puleque","F","","71","","2034208044","Waterbury","CT","","216"
"Cecilla","Ecles","F","","40","","5201280977","Tucson","AZ","","217"
"Hinze","Maymand","F","","46","","4044379313","Decatur","GA","","218"
"Chloe","Whittleton","F","","55","","3154816612","Syracuse","NY","","219"
"Carver","Zelner","M","","67","","9012765711","Memphis","TN","","220"
"Giuditta","Swalteridge","M","","41","","4142548009","Milwaukee","WI","","221"
"Osbert","Penna","F","","69","","4693758045","Garland","TX","","222"
"Lurline","McKenney","F","","53","","8038590050","Columbia","SC","","223"
"Mavis","Kinnane","F","","52","","7195500562","Colorado Springs","CO","","224"
"Belle","Collete","M","","27","","5019462333","Little Rock","AR","","225"
"Darwin","Rowth","F","","26","","8042754232","Richmond","VA","","226"
"Marleen","Benedito","F","","82","","9494892195","Irvine","CA","","227"
"Ashly","Pead","M","","54","","3122000854","Chicago","IL","","228"
"Morissa","Beller","F","","35","","2395461771","Fort Myers","FL","","229"
"Rollin","Sherville","F","","24","","4158511117","San Francisco","CA","","230"
"Lisette","Silk","F","","36","","8435196205","Charleston","SC","","231"
"Troy","Hannum","M","","21","","8599934073","Lexington","KY","","232"
"Giff","Seacroft","M","","81","","2022440350","Washington","DC","","233"
"Guenevere","MacBain","F","","82","","9042101168","Jacksonville","FL","","234"
"Chaddy","Ovendale","M","","87","","4234732883","Kingsport","TN","","235"
"Sheppard","Ennor","M","","78","","4123608458","Pittsburgh","PA","","236"
"Lowell","Foch","F","","48","","2156578096","Philadelphia","PA","","237"
"Dael","Hamnett","M","","24","","9154839882","El Paso","TX","","238"
"Franky","Lohan","M","","54","","5026793725","Louisville","KY","","239"
"Arlyn","Bestman","M","","86","","2816697247","Houston","TX","","240"
"Hank","Adamovitz","F","","21","","6152720389","Nashville","TN","","241"
"Gwen","Ingilson","M","","41","","8181587709","Los Angeles","CA","","242"
"Helenelizabeth","Tessington","F","","78","","4153096688","San Francisco","CA","","243"
"Nettle","Skyme","F","","38","","6037809675","Portsmouth","NH","","244"
"Clemmy","Cupitt","M","","66","","7578969935","Norfolk","VA","","245"
"Rickie","Aucott","M","","20","","2053783809","Birmingham","AL","","246"
"Barton","Verman","F","","57","","6506766028","Redwood City","CA","","247"
"Cullen","Cranmore","F","","55","","9712804370","Portland","OR","","248"
"Wenona","Cosens","M","","64","","7019137581","Grand Forks","ND","","249"
"Esta","Stadding","M","","28","","6154746864","Nashville","TN","","250"
"Chryste","Spellard","M","","41","","7164611664","Buffalo","NY","","251"
"Homere","Robinett","F","","68","","3035664460","Denver","CO","","252"
"Sorcha","Peetermann","M","","52","","9198525964","Raleigh","NC","","253"
"Sascha","Tollit","M","","31","","5713132067","Alexandria","VA","","254"
"Tallou","Bartosik","M","","52","","9167585431","Sacramento","CA","","255"
"Alex","Vallens","F","","25","","8022593164","Montpelier","VT","","256"
"Powell","Philippault","F","","62","","3212130602","Orlando","FL","","257"
"Casper","Redhole","F","","23","","2021074570","Washington","DC","","258"
"Blondell","Rubega","M","","56","","5013217579","North Little Rock","AR","","259"
"Pascal","Bustin","M","","35","","7209459888","Denver","CO","","260"
"Allegra","Bridson","M","","28","","5092098270","Spokane","WA","","261"
"Ashley","Betchley","M","","42","","7127201762","Sioux City","IA","","262"
"Harlen","McCabe","F","","81","","5123458172","Austin","TX","","263"
"Lawton","Wolffers","F","","86","","7029098129","North Las Vegas","NV","","264"
"Sashenka","Cooke","M","","48","","9038227484","Dallas","TX","","265"
"Nelson","Kenworthey","M","","39","","8188459352","Santa Monica","CA","","266"
"Dasya","Treend","F","","29","","6822545588","Fort Worth","TX","","267"
"Rois","Stears","F","","67","","8137033029","Tampa","FL","","268"
"Vinny","Legg","M","","72","","2608098883","Fort Wayne","IN","","269"
"Son","Jecks","M","","45","","7734648114","Chicago","IL","","270"
"Humbert","Vannoni","M","","69","","2105549466","San Antonio","TX","","271"
"Ringo","Chadderton","F","","75","","2349279315","Akron","OH","","272"
"Rubia","Reyna","F","","48","","2137070301","Los Angeles","CA","","273"
"Ailina","Stiant","M","","37","","3479371464","New York City","NY","","274"
"Doloritas","Gogin","M","","37","","6178469382","Boston","MA","","275"
"Sholom","Leggott","M","","25","","3472362663","New York City","NY","","276"
"Odelinda","Strodder","M","","58","","2028065882","Washington","DC","","277"
"Cully","Seedman","M","","70","","8313429584","Salinas","CA","","278"
"Hillie","Harfoot","M","","68","","7543558575","Fort Lauderdale","FL","","279"
"Shay","Maccraw","F","","83","","8106708235","Flint","MI","","280"
"Blane","Pennoni","F","","37","","7199657252","Colorado Springs","CO","","281"
"Purcell","Mulhall","M","","75","","2085719893","Boise","ID","","282"
"Deanna","Axelbey","M","","51","","3606425797","Olympia","WA","","283"
"Jermaine","Dabnor","M","","23","","9166683201","Sacramento","CA","","284"
"Ferne","Maria","M","","51","","7856856504","Topeka","KS","","285"
"Nevins","Levane","M","","48","","2089874966","Boise","ID","","286"
"Ulrick","Mathely","M","","46","","9077301338","Anchorage","AK","","287"
"Reube","Lardeur","F","","75","","8185741630","Glendale","CA","","288"
"Rainer","Kollasch","F","","32","","5183155343","Schenectady","NY","","289"
"Rollie","Oades","M","","42","","7753162028","Reno","NV","","290"
"Errick","Bockett","F","","89","","7756190172","Reno","NV","","291"
"Pauly","Harfoot","M","","52","","2154935194","Philadelphia","PA","","292"
"Holden","Colton","F","","26","","3312103318","Aurora","IL","","293"
"Dillie","Janic","F","","72","","6822386152","Fort Worth","TX","","294"
"Reena","Voller","M","","43","","8595613450","Lexington","KY","","295"
"Tobiah","Danhel","F","","50","","8566776884","Camden","NJ","","296"
"Jenna","Bonifant","F","","81","","7185533921","Bronx","NY","","297"
"Laurene","Hunnybun","M","","90","","2157587054","Philadelphia","PA","","298"
"Ulick","Beresfore","M","","50","","7043312589","Charlotte","NC","","299"
"Max","Kupke","F","","51","","9719824982","Portland","OR","","300"
"Feodor","Dods","M","","29","","2147972047","Dallas","TX","","301"
"Robbie","Haston","M","","72","","2519449883","Mobile","AL","","302"
"Consalve","Waterstone","F","","44","","8019381151","Salt Lake City","UT","","303"
"Riley","Nassey","M","","65","","3039065515","Boulder","CO","","304"
"Adrien","Stooders","F","","62","","9156777360","El Paso","TX","","305"
"Izak","Bouda","M","","53","","7571237211","Hampton","VA","","306"
"Donielle","Gaynsford","F","","26","","3137558601","Detroit","MI","","307"
"Vasili","Ferrao","M","","22","","2257776752","Baton Rouge","LA","","308"
"Royce","Gillison","M","","24","","6168485195","Grand Rapids","MI","","309"
"Sinclair","Northidge","M","","90","","5733693255","Columbia","MO","","310"
"Falito","Roast","M","","56","","5152949479","Des Moines","IA","","311"
"Shandie","Jesse","F","","36","","5082333214","Boston","MA","","312"
"Orelee","Beddoe","M","","59","","5095101376","Spokane","WA","","313"
"Norine","Pritchitt","M","","69","","3362175274","Winston Salem","NC","","314"
"Yasmin","Fludgate","F","","88","","8047711728","Richmond","VA","","315"
"Manda","Thexton","F","","74","","7545474271","Fort Lauderdale","FL","","316"
"Chester","Ballance","M","","87","","7135390778","Houston","TX","","317"
"Carl","Hadland","M","","47","","6052688896","Sioux Falls","SD","","318"
"Hettie","Ferreo","F","","58","","2051038635","Birmingham","AL","","319"
"Hunter","Bohan","F","","52","","5208151847","Tucson","AZ","","320"
"Carlina","Crocumbe","M","","43","","8166886623","Shawnee Mission","KS","","321"
"Iona","Gillease","F","","18","","5139968291","Cincinnati","OH","","322"
"Kienan","Vassbender","F","","84","","9151024873","El Paso","TX","","323"
"Jobi","Gainfort","M","","31","","6098841439","Trenton","NJ","","324"
"Omero","Ritchings","M","","66","","2396279469","Cape Coral","FL","","325"
"Angus","Tarbert","F","","52","","2601385907","Fort Wayne","IN","","326"
"Vladamir","Holton","M","","43","","7063704317","Columbus","GA","","327"
"Even","Sprakes","F","","64","","8178769894","Fort Worth","TX","","328"
"Anthiathia","Banishevitz","M","","87","","2025874253","Washington","DC","","329"
"Yolanda","Sunner","M","","87","","9197313653","Raleigh","NC","","330"
"Genevieve","Latliff","M","","78","","7045719261","Charlotte","NC","","331"
"Veriee","Colicot","F","","88","","6086305217","Madison","WI","","332"
"Arlan","Wiltshear","M","","29","","3179574114","Indianapolis","IN","","333"
"Barrie","Ughetti","F","","18","","2819590736","Houston","TX","","334"
"Rubia","Klimko","M","","68","","9018531928","Memphis","TN","","335"
"Vale","Jozef","M","","66","","8152109053","Rockford","IL","","336"
"Terrence","Chrispin","M","","79","","5172012794","Lansing","MI","","337"
"Budd","Keneforde","M","","83","","6168958202","Grand Rapids","MI","","338"
"Casandra","Domanski","M","","40","","2066952940","Seattle","WA","","339"
"Felicia","Bortol","F","","57","","5023949814","Migrate","KY","","340"
"Walsh","Bandy","F","","25","","2055471206","Birmingham","AL","","341"
"Othello","Stubbert","M","","81","","2085770029","Pocatello","ID","","342"
"Carlo","Antonov","F","","40","","3126249431","Chicago","IL","","343"
"Willi","Coste","F","","88","","3163449483","Wichita","KS","","344"
"Ofelia","Erdes","F","","70","","4108867657","Baltimore","MD","","345"
"Richmond","Stanex","M","","25","","8017330713","Salt Lake City","UT","","346"
"Angelita","Gager","F","","88","","5056788159","Albuquerque","NM","","347"
"Allsun","Creus","M","","26","","6263187285","Pasadena","CA","","348"
"Jakie","Tourry","M","","54","","3216030681","Orlando","FL","","349"
"Michaella","Fuentez","F","","31","","9071440334","Fairbanks","AK","","350"
"Courtney","Goodbody","M","","30","","5857773050","Rochester","NY","","351"
"Hernando","Bierling","F","","55","","9529485039","Saint Paul","MN","","352"
"Mano","Pirolini","F","","37","","9145061329","Bronx","NY","","353"
"Elane","Bocke","F","","36","","9014280812","Memphis","TN","","354"
"Krispin","McWilliams","F","","43","","5131056121","Cincinnati","OH","","355"
"Gabriellia","Gatecliff","M","","21","","8037633173","Columbia","SC","","356"
"Jase","Struan","F","","83","","7046285389","Charlotte","NC","","357"
"Annamaria","Remirez","F","","87","","9185269329","Tulsa","OK","","358"
"Bobette","Lamball","M","","49","","5186641744","Albany","NY","","359"
"Chlo","Ridehalgh","M","","18","","2565513565","Gadsden","AL","","360"
"Hayley","Hlavecek","F","","51","","9851142238","New Orleans","LA","","361"
"Milo","Sallows","F","","64","","7577839271","Virginia Beach","VA","","362"
"Elsi","Backshell","M","","26","","2176453051","Springfield","IL","","363"
"Bay","Lougheed","F","","84","","2127237253","New York City","NY","","364"
"Gayel","Della","M","","38","","9148787142","Mount Vernon","NY","","365"
"Roxine","Wedderburn","M","","65","","7131335084","Houston","TX","","366"
"Corrina","Grannell","F","","19","","5711448750","Arlington","VA","","367"
"Trudi","Camilleri","F","","19","","3528650058","Ocala","FL","","368"
"Adel","Stancer","M","","36","","4324426513","Odessa","TX","","369"
"Shepherd","Werrilow","M","","32","","5041515248","New Orleans","LA","","370"
"Ivar","Griffiths","M","","83","","7861516085","Miami","FL","","371"
"Thayne","Slorance","M","","81","","7138269526","Houston","TX","","372"
"Derek","Teal","M","","56","","8184926460","Glendale","CA","","373"
"Town","Caddens","M","","63","","3042539544","Charleston","WV","","374"
"Mackenzie","Fearick","M","","54","","8011689452","Salt Lake City","UT","","375"
"Julee","Rainville","M","","54","","3107197198","Los Angeles","CA","","376"
"Ariana","Hantusch","M","","26","","3175386513","Indianapolis","IN","","377"
"Kelvin","Franklen","F","","23","","5616519112","Delray Beach","FL","","378"
"Pearla","Maes","F","","55","","7343235820","Southfield","MI","","379"
"Antoni","Gallichiccio","M","","31","","7048030230","Charlotte","NC","","380"
"Burch","Sebborn","F","","58","","2407284868","Bowie","MD","","381"
"Kali","Yurin","M","","71","","3015320955","Bethesda","MD","","382"
"Cointon","McCumesky","M","","65","","2021971198","Washington","DC","","383"
"Bengt","Aronov","M","","45","","5049551413","New Orleans","LA","","384"
"Beverly","Samett","M","","86","","8652793210","Knoxville","TN","","385"
"Erwin","Lorente","M","","31","","3345508283","Montgomery","AL","","386"
"Ina","Bawme","M","","69","","3301216169","Akron","OH","","387"
"Eugen","Anyon","F","","75","","4159671699","San Francisco","CA","","388"
"Jory","Seiter","F","","19","","9411542337","Sarasota","FL","","389"
"Hussein","Devitt","M","","42","","3025952186","Wilmington","DE","","390"
"Truman","Buffham","F","","86","","8178909058","Fort Worth","TX","","391"
"Thorvald","Renhard","F","","78","","9193097429","Durham","NC","","392"
"Joshia","Grinishin","F","","30","","3528693060","Gainesville","FL","","393"
"Emmery","Winterflood","M","","79","","5747460144","South Bend","IN","","394"
"Kamila","Greer","M","","45","","3237432279","North Hollywood","CA","","395"
"Tandie","Whettleton","M","","69","","2148994021","Arlington","TX","","396"
"Barry","Fanthom","M","","78","","5183421679","Albany","NY","","397"
"Consalve","Sparway","M","","28","","9723851343","Dallas","TX","","398"
"Valenka","Camous","F","","66","","8439202640","Charleston","SC","","399"
"Martainn","Swanston","M","","89","","2023994036","Washington","DC","","400"
"Mommy","Leach","F","","23","","2063053875","Bellevue","WA","","401"
"Hulda","Middle","M","","60","","5708101606","Wilkes Barre","PA","","402"
"Halie","Wellfare","F","","50","","2025813417","Washington","DC","","403"
"Maxie","Poulett","M","","74","","5038611332","Portland","OR","","404"
"Eleanor","Britt","M","","22","","7577755171","Virginia Beach","VA","","405"
"Suzanna","Embury","M","","26","","4177441602","Springfield","MO","","406"
"Kerrin","Pirdue","M","","45","","4077549419","Orlando","FL","","407"
"Risa","Ravel","F","","48","","5099816375","Spokane","WA","","408"
"Pavel","Stoves","M","","57","","9108884522","Wilmington","NC","","409"
"Brnaby","Bygrave","M","","26","","5154454915","Des Moines","IA","","410"
"Alene","Cant","F","","22","","2175514303","Springfield","IL","","411"
"Tommie","Bott","F","","44","","7179258006","Harrisburg","PA","","412"
"Carley","Sicha","F","","56","","9166263538","Sacramento","CA","","413"
"Shandie","Lamacraft","F","","34","","8155192738","Rockford","IL","","414"
"Garfield","Greenshields","F","","74","","5049991006","New Orleans","LA","","415"
"Trevar","Ianni","M","","76","","9138358921","Kansas City","KS","","416"
"Ronnie","Windous","F","","71","","8065167285","Amarillo","TX","","417"
"Shannah","Wylder","F","","42","","7748381808","Worcester","MA","","418"
"Masha","Stonbridge","F","","22","","2026204421","Washington","DC","","419"
"Ginevra","Hurt","F","","46","","2021161140","Washington","DC","","420"
"Rutger","Keetley","F","","51","","2316987496","Muskegon","MI","","421"
"Lek","Franzke","M","","29","","9031125989","Tyler","TX","","422"
"Clemence","Londing","M","","27","","7191556285","Colorado Springs","CO","","423"
"Raffaello","Stancliffe","M","","74","","5122400645","Austin","TX","","424"
"Joachim","Belcham","M","","86","","5012109827","Little Rock","AR","","425"
"Wain","Valti","F","","87","","7172802189","Lancaster","PA","","426"
"Julie","Haliburn","F","","38","","4138230304","Springfield","MA","","427"
"Craggie","Dury","F","","79","","4156524610","Oakland","CA","","428"
"Trumann","Duckit","M","","71","","2519261244","Mobile","AL","","429"
"Maris","Cluatt","F","","34","","2109999969","San Antonio","TX","","430"
"Floyd","Cawdery","M","","82","","5058934317","Albuquerque","NM","","431"
"Walker","Folkerts","M","","32","","8039359052","Columbia","SC","","432"
"Iago","Alejo","F","","70","","8034783137","Columbia","SC","","433"
"Romola","Harmeston","F","","18","","8147002239","Johnstown","PA","","434"
"Michail","Haslock(e)","M","","76","","8051086422","Simi Valley","CA","","435"
"Fulvia","Dowrey","F","","77","","4106982612","Baltimore","MD","","436"
"Trumann","Bracknell","M","","42","","9374749067","Dayton","OH","","437"
"Jaine","Screach","M","","78","","8137329941","Tampa","FL","","438"
"Lanna","Cammis","M","","87","","6621719874","Columbus","MS","","439"
"Clerc","Gilbart","F","","25","","8186821415","Burbank","CA","","440"
"Rodney","Zuann","F","","38","","6125397098","Minneapolis","MN","","441"
"Elise","Cooper","F","","78","","5053855136","Albuquerque","NM","","442"
"Dorey","Caurah","F","","21","","7028207310","Las Vegas","NV","","443"
"Peri","Kampshell","M","","23","","3057631150","Miami","FL","","444"
"Adey","Carney","M","","34","","3158834053","Utica","NY","","445"
"Quillan","Jevon","F","","42","","6143881203","Columbus","OH","","446"
"Jane","Buff","M","","76","","8179785713","Fort Worth","TX","","447"
"Kenon","Lorenz","M","","31","","5012708414","Little Rock","AR","","448"
"Leopold","Randal","F","","40","","4152739614","San Francisco","CA","","449"
"Aloisia","Davioud","M","","84","","8643822332","Greenville","SC","","450"
"Burt","Briance","M","","54","","7134345260","Houston","TX","","451"
"Haskell","Stanfield","M","","69","","8282206916","Asheville","NC","","452"
"Goober","Dymock","F","","77","","3048689026","Charleston","WV","","453"
"Edgard","Galsworthy","F","","22","","9167828579","Sacramento","CA","","454"
"Eve","O'Moylane","M","","32","","2157129812","Philadelphia","PA","","455"
"Osbourn","Dubbin","M","","78","","7176611889","Harrisburg","PA","","456"
"Amanda","Grzeskowski","F","","29","","3136061392","Detroit","MI","","457"
"Kare","Cumber","F","","34","","9377272332","Dayton","OH","","458"
"Krishna","Clayworth","M","","30","","2069360736","Seattle","WA","","459"
"Austen","Werrilow","F","","66","","2818271700","Houston","TX","","460"
"Poul","Gorini","F","","24","","7075689239","Petaluma","CA","","461"
"Elizabet","Uttley","F","","20","","7348238010","Southfield","MI","","462"
"Rhianon","Scandrite","F","","42","","8628291191","Paterson","NJ","","463"
"Grange","Hamnett","M","","78","","2025120207","Washington","DC","","464"
"Harwell","Vigne","F","","41","","4345895893","Charlottesville","VA","","465"
"Brand","Barnhart","M","","64","","2545719923","Waco","TX","","466"
"Vernor","Immins","F","","61","","6011102734","Jackson","MS","","467"
"Shaine","Tyrie","M","","68","","6514081773","Saint Paul","MN","","468"
"Sandi","Beeho","F","","19","","7046663635","Charlotte","NC","","469"
"Golda","Carrivick","M","","21","","6144811003","Columbus","OH","","470"
"Kaitlin","Wharlton","M","","75","","2054225464","Birmingham","AL","","471"
"Adoree","Bjerkan","M","","63","","4231258240","Chattanooga","TN","","472"
"Si","Molen","F","","45","","9154391093","El Paso","TX","","473"
"Colman","Wilcinskis","F","","39","","3161130819","Wichita","KS","","474"
"Filip","Pover","F","","21","","7134960008","Humble","TX","","475"
"Elsie","Plumer","M","","29","","3341743184","Montgomery","AL","","476"
"Yorker","Woolis","F","","61","","5135678478","Cincinnati","OH","","477"
"Cornelius","Taudevin","M","","59","","6618124588","Palmdale","CA","","478"
"Shepard","Mcimmie","M","","87","","3185768240","Boston","MA","","479"
"Fidelia","Miskimmon","M","","66","","6026228702","Glendale","AZ","","480"
"Jennee","Wildblood","F","","23","","3156549581","Syracuse","NY","","481"
"Kittie","Delouch","F","","38","","9126191064","Savannah","GA","","482"
"Jareb","Kerwick","M","","41","","5124709740","Austin","TX","","483"
"Brockie","Pietruschka","F","","72","","8136569843","Tampa","FL","","484"
"Graham","Ivanenko","F","","71","","7027650330","Henderson","NV","","485"
"Murry","Bumpus","F","","56","","9018262889","Memphis","TN","","486"
"Megen","Pinks","M","","35","","8501574579","Pensacola","FL","","487"
"Stacia","Pisco","M","","55","","7865662805","Miami","FL","","488"
"Jeremy","Gabbatiss","M","","36","","8509419617","Pensacola","FL","","489"
"Adriano","Alflatt","M","","56","","2147682921","Dallas","TX","","490"
"Marsha","Humberston","M","","47","","2029118264","Washington","DC","","491"
"Arne","Budding","M","","65","","3617300550","Corpus Christi","TX","","492"
"Britt","Gowenlock","M","","59","","6176073463","Boston","MA","","493"
"Morganica","Juszczak","M","","66","","3525232618","Brooksville","FL","","494"
"Averil","Redholes","F","","24","","2147040832","Dallas","TX","","495"
"Orville","MacCoveney","M","","90","","9151499689","El Paso","TX","","496"
"Jone","Dayer","F","","69","","4255718532","Seattle","WA","","497"
"Gar","Wastie","M","","31","","4046834767","Atlanta","GA","","498"
"Toddie","Pughe","M","","38","","2098084437","Stockton","CA","","499"
"Thaddeus","Glazzard","M","","65","","5629339340","Huntington Beach","CA","","500"
